iter,best_FO
80,11398
160,11398
240,11398
320,11398
400,11398
480,11398
560,11398
640,11398
720,11398
800,11398
880,11398
960,11398
1040,11398
1120,11398
1200,11398
1280,11398
1360,11398
1440,11398
1520,11398
1600,11398
1680,11398
1760,11398
1840,11398
1920,11398
2000,11398
2080,11398
2160,11398
2240,11398
2320,11398
2400,11398
2480,11398
2560,11398
2640,11398
2720,11398
2800,11398
2880,11398
2960,11398
3040,11398
3120,11398
3200,11398
3280,11398
3360,11398
3440,11398
3520,11398
3600,11398
3680,11398
3760,11398
3840,11398
3920,11398
4000,11398
4080,11398
4160,11398
4240,11398
4320,11398
4400,11398
4480,11398
4560,11398
4640,11398
4720,11398
4800,11398
4880,11398
4960,11398
5040,11398
5120,11398
5200,11398
5280,11398
5360,11398
5440,11398
5520,11398
5600,11398
5680,11398
5760,11398
5840,11398
5920,11398
6000,11398
6080,11398
6160,11398
6240,11398
6320,11398
6400,11398
6480,11398
6560,11398
6640,11398
6720,11398
6800,11398
6880,11398
6960,11414
7040,11414
7120,11414
7200,11414
7280,11414
7360,11414
7440,11414
7520,11414
7600,11414
7680,11414
7760,11414
7840,11414
7920,11414
8000,11414
8080,11414
8160,11414
8240,11414
8320,11414
8400,11635
8480,11635
8560,11635
8640,11635
8720,11635
8800,11635
8880,11855
8960,11855
9040,11855
9120,11900
9200,11900
9280,11900
9360,11900
9440,11900
9520,11900
9600,11900
9680,11900
9760,11900
9840,11900
9920,11900
10000,11900
10080,11900
10160,11900
10240,11900
10320,11900
10400,11900
10480,11900
10560,11900
10640,11900
10720,11900
10800,11900
10880,11900
10960,11900
11040,11900
11120,11900
11200,11900
11280,11900
11360,11910
11440,11910
11520,11910
11600,11910
11680,11910
11760,11910
11840,11910
11920,11957
12000,11957
12080,12013
12160,12013
12240,12013
12320,12013
12400,12013
12480,12013
12560,12013
12640,12140
12720,12140
12800,12140
12880,12140
12960,12140
13040,12140
13120,12158
13200,12158
13280,12158
13360,12158
13440,12158
13520,12158
13600,12158
13680,12158
13760,12158
13840,12158
13920,12158
14000,12158
14080,12158
14160,12158
14240,12158
14320,12158
14400,12158
14480,12158
14560,12158
14640,12158
14720,12158
14800,12158
14880,12158
14960,12158
15040,12158
15120,12158
15200,12158
15280,12158
15360,12158
15440,12158
15520,12158
15600,12158
15680,12158
15760,12158
15840,12158
15920,12158
16000,12158
16080,12158
16160,12158
16240,12158
16320,12158
16400,12158
16480,12158
16560,12158
16640,12158
16720,12158
16800,12158
16880,12158
16960,12158
17040,12158
17120,12158
17200,12158
17280,12158
17360,12158
17440,12158
17520,12158
17600,12158
17680,12158
17760,12158
17840,12158
17920,12158
18000,12158
18080,12158
18160,12158
18240,12158
18320,12158
18400,12158
18480,12158
18560,12158
18640,12158
18720,12158
18800,12158
18880,12158
18960,12158
19040,12158
19120,12158
19200,12158
19280,12158
19360,12158
19440,12158
19520,12158
19600,12158
19680,12158
19760,12158
19840,12158
19920,12158
20000,12158
20080,12158
20160,12158
20240,12158
20320,12192
20400,12192
20480,12192
20560,12192
20640,12192
20720,12192
20800,12192
20880,12192
20960,12192
21040,12192
21120,12192
21200,12192
21280,12192
21360,12192
21440,12192
21520,12192
21600,12192
21680,12192
21760,12192
21840,12192
21920,12192
22000,12192
22080,12192
22160,12192
22240,12192
22320,12192
22400,12192
22480,12192
22560,12192
22640,12192
22720,12192
22800,12192
22880,12192
22960,12192
23040,12192
23120,12192
23200,12192
23280,12192
23360,12192
23440,12192
23520,12192
23600,12192
23680,12192
23760,12192
23840,12192
23920,12192
24000,12192
24080,12192
24160,12192
24240,12192
24320,12192
24400,12192
24480,12192
24560,12192
24640,12192
24720,12192
24800,12192
24880,12192
24960,12192
25040,12192
25120,12192
25200,12192
25280,12192
25360,12192
25440,12192
25520,12192
25600,12192
25680,12192
25760,12192
25840,12192
25920,12192
26000,12192
26080,12192
26160,12192
26240,12192
26320,12192
26400,12192
26480,12192
26560,12192
26640,12192
26720,12192
26800,12192
26880,12312
26960,12312
27040,12312
27120,12312
27200,12312
27280,12312
27360,12312
27440,12312
27520,12312
27600,12312
27680,12312
27760,12312
27840,12312
27920,12312
28000,12312
28080,12312
28160,12312
28240,12312
28320,12312
28400,12312
28480,12312
28560,12312
28640,12312
28720,12312
28800,12312
28880,12312
28960,12312
29040,12312
29120,12312
29200,12312
29280,12312
29360,12312
29440,12312
29520,12312
29600,12312
29680,12312
29760,12312
29840,12312
29920,12312
30000,12312
30080,12312
30160,12312
30240,12312
30320,12312
30400,12312
30480,12312
30560,12312
30640,12312
30720,12312
30800,12312
30880,12312
30960,12312
31040,12312
31120,12312
31200,12312
31280,12312
31360,12312
31440,12312
31520,12312
31600,12312
31680,12312
31760,12312
31840,12312
31920,12312
32000,12312
32080,12312
32160,12312
32240,12312
32320,12312
32400,12312
32480,12312
32560,12312
32640,12312
32720,12312
32800,12312
32880,12312
32960,12312
33040,12312
33120,12312
33200,12312
33280,12312
33360,12312
33440,12312
33520,12312
33600,12312
33680,12312
33760,12312
33840,12312
33920,12312
34000,12312
34080,12312
34160,12312
34240,12312
34320,12312
34400,12312
34480,12312
34560,12312
34640,12312
34720,12312
34800,12312
34880,12312
34960,12312
35040,12312
35120,12312
35200,12312
35280,12312
35360,12312
35440,12312
35520,12312
35600,12312
35680,12312
35760,12312
35840,12312
35920,12312
36000,12312
36080,12312
36160,12312
36240,12312
36320,12312
36400,12312
36480,12312
36560,12312
36640,12312
36720,12312
36800,12312
36880,12312
36960,12312
37040,12312
37120,12312
37200,12312
37280,12312
37360,12312
37440,12312
37520,12312
37600,12312
37680,12312
37760,12312
37840,12312
37920,12312
38000,12312
38080,12312
38160,12312
38240,12312
38320,12312
38400,12312
38480,12312
38560,12312
38640,12312
38720,12312
38800,12312
38880,12312
38960,12312
39040,12312
39120,12312
39200,12312
39280,12312
39360,12312
39440,12312
39520,12312
39600,12312
39680,12312
39760,12312
39840,12312
39920,12312
40000,12312
40000,12312
